date,employee_title,location,employee_status,review_title,years_at_company,helpful,pros,cons,advice_to_mgmt,rating_overall,rating_balance,rating_culture,rating_career,rating_comp,rating_mgmt
Fri May 17 2019 05:50:08 GMT+0530 (India Standard Time), QA Analyst,Pune,Current Employee ,Best company to start with your carrier.,,0,"Career Opportunities,Compensations & Benefits,Work/Life Balance ,,Senior Management,Culture & Values",till date no cons .,,5.0,5.0,5.0,5.0,5.0,5.0
Sun Jun 30 2019 06:00:55 GMT+0530 (India Standard Time),,Chennai,Current Employee ,Drug safety physician,,0,Comfortable place to work with accenture,Difficult to travel since its far off from my place,,5.0,4.0,4.0,5.0,5.0,5.0
Sun Jun 30 2019 09:04:05 GMT+0530 (India Standard Time), Applications Development Senior Analyst,Bangalore,Former Employee ,Application Development Senior Analyst,,0,The best employee friendly company,I have not seen anything as cons,,5.0,,,,,
Sat Jun 29 2019 12:08:01 GMT+0530 (India Standard Time), AML Associate,Bangalore,Current Employee ,Respectfully,,0,U get a good respect for what you do,Could have been a better management people,No politics,5.0,5.0,5.0,5.0,3.0,2.0
Sat Jun 29 2019 14:20:48 GMT+0530 (India Standard Time), Supply Chain Analyst,Chennai,Current Employee ,Associate,,0,Employee friendly environment and respect for individual.,Percentage of hike is low,,5.0,4.0,5.0,5.0,3.0,5.0
Sat Jun 29 2019 06:18:33 GMT+0530 (India Standard Time), General Accounting Ops Associate,Noida,Former Employee ,Excellent,,0,Both sides cabs are very convenient,Salary reviews are low compared to other firms,Increase salary,4.0,4.0,4.0,4.0,4.0,4.0
Sun Jun 30 2019 00:20:23 GMT+0530 (India Standard Time), ASE,Hyderābād,Current Employee ,Ease and low salary.,,0,"Work Culture, No extra pressure, No politics(in maximum projects), No OT","Very low Pay salary, Promotions, and bonus are just not speakable.",The employees should be paid adequately and their interests should be taken care of. Creating rules like 14+ months for ASE Career 12 is wrong and un-ethical.,4.0,5.0,4.0,2.0,1.0,4.0
Fri Jun 28 2019 01:28:45 GMT+0530 (India Standard Time), Software Engineer,Bangalore,Current Employee ,It’s a good place to work,,0,Good place to work,Cannot update our knowledge,Keep environment clean,5.0,4.0,3.0,4.0,3.0,4.0
Fri Jun 28 2019 06:08:55 GMT+0530 (India Standard Time),,Pune,Current Employee ,Great opportunity,,0,Nice experience.great opportunity to learn and grow,Your shift allowance depends on your manager,,5.0,5.0,4.0,5.0,4.0,4.0
